{"pcu": 113.20317511860877, "etb": 61.26685849928231, "sra": 171.18309933266278, "acs": 153.63353492900276, "fof": 213.8248105384454, "bcu": 146.54647174962693, "nbo": 11.627772124310592, "tbo": 76.66275488321615, "pts": 77.03089613674608, "the": 120.48244312591802, "rht": 60.796977309478905}